[
  {
     "reference": "Apple",
     "vendor": "Gcash",
     "DateTime": "2025-04-08T18:48"
  },
  {
     "reference": "Orange",
     "vendor": "Maya",
     "DateTime": "2025-04-08T18:48"
  },
  {
     "reference": "Piatos",
     "vendor": "Maya",
     "DateTime": "2025-04-08T18:48"
  },
  {
     "reference": "OrangeAndLemons",
     "vendor": "Gcash",
     "DateTime": "2025-04-08T18:48"
  },
  {
     "reference": "AlingJunisya",
     "vendor": "Maya",
     "DateTime": "2025-04-08T18:48"
  },
  {
     "reference": "Markiplier",
     "vendor": "Gcash",
     "DateTime": "2025-04-08T18:48"
  },
  {
     "reference": "JacksepticEye",
     "vendor": "Maya",
     "DateTime": "2025-04-08T18:48"
  },
  {
     "reference": "Miyasan",
     "vendor": "Maya",
     "DateTime": "2099-03-04T01:02"
  }
]